<?xml version='1.0' encoding='utf-8' standalone='yes' ?>
<map>
    <set name="android-installer/com.android.packageinstaller flutter-fire-core/2.32.0 fire-fcm/23.4.1 fire-cls/18.6.3 fire-sessions/1.2.3 fire-core-ktx/20.4.3 fire-analytics/21.6.1 fire-core/20.4.3 fire-android/35 flutter-fire-cls/3.5.7 device-name/lineage_sweet fire-installations/17.2.0 android-platform/ android-min-sdk/21 flutter-fire-analytics/10.10.7 fire-transport/18.1.8 kotlin/1.9.24 device-model/sweetin device-brand/Xiaomi android-target-sdk/34">
        <string>2025-08-10</string>
    </set>
    <long name="fire-count" value="1" />
    <string name="last-used-date">2025-08-10</string>
    <long name="fire-global" value="1754812683055" />
</map>
