<?xml version='1.0' encoding='utf-8' standalone='yes' ?>
<map>
    <set name="device-brand/iQOO flutter-fire-core/2.32.0 fire-cls/18.6.3 fire-fcm/23.4.1 device-model/2018 fire-sessions/1.2.3 device-name/2018i fire-analytics/21.6.1 fire-core-ktx/20.4.3 fire-android/33 fire-core/20.4.3 flutter-fire-cls/3.5.7 android-installer/com.google.android.packageinstaller fire-installations/17.2.0 android-min-sdk/21 flutter-fire-analytics/10.10.7 android-platform/ fire-transport/18.1.8 kotlin/1.9.24 android-target-sdk/34">
        <string>2025-08-14</string>
    </set>
    <long name="fire-count" value="2" />
    <string name="last-used-date">2025-08-14</string>
    <long name="fire-global" value="1754812681460" />
    <set name="android-installer/com.android.packageinstaller fire-fcm/23.4.1 flutter-fire-core/2.32.0 fire-cls/18.6.3 fire-sessions/1.2.3 fire-core-ktx/20.4.3 fire-analytics/21.6.1 fire-core/20.4.3 fire-android/35 flutter-fire-cls/3.5.7 device-name/lineage_sweet fire-installations/17.2.0 android-platform/ flutter-fire-analytics/10.10.7 android-min-sdk/21 fire-transport/18.1.8 kotlin/1.9.24 device-model/sweetin device-brand/Xiaomi android-target-sdk/34">
        <string>2025-08-10</string>
    </set>
</map>
