<?xml version='1.0' encoding='utf-8' standalone='yes' ?>
<map>
    <string name="flutter.apiKeyExpiry">2025-08-15T17:48:15.224895</string>
    <boolean name="flutter.notification_permission_granted" value="true" />
    <string name="flutter.apiKey">AD4CDE4010F4</string>
    <string name="flutter.telegramLink">https://t.me/sigma_Study_official</string>
    <string name="flutter.baseUrl">https://v1.sstudy.site</string>
    <boolean name="flutter.notification_permission_asked" value="true" />
    <string name="flutter.app_config">{&quot;versionCodesionCode&quot;:3,&quot;baseUrl&quot;:&quot;https://v1.sstudy.site&quot;,&quot;featuresures&quot;:{&quot;serversionCodesionCodes&quot;:1},&quot;maintenabledance&quot;:{&quot;enabledabled&quot;:false},&quot;supportport&quot;:{&quot;telegramChannel&quot;:&quot;https://t.me/sigma_Study_official&quot;,&quot;tutorial&quot;:&quot;https://t.me/sigma_Study_official&quot;}}</string>
</map>
