<?xml version='1.0' encoding='utf-8' standalone='yes' ?>
<map>
    <string name="flutter.apiKeyExpiry">2025-08-11T13:28:11.074297</string>
    <boolean name="flutter.notification_permission_granted" value="true" />
    <string name="flutter.apiKey">6E751ED5844F</string>
    <string name="flutter.telegramLink">https://t.me/sigma_Study_official</string>
    <string name="flutter.baseUrl">https://v1.sstudy.site</string>
    <boolean name="flutter.notification_permission_asked" value="true" />
    <string name="flutter.app_config">{&quot;versionCode&quot;:3,&quot;baseUrl&quot;:&quot;https://v1.sstudy.site&quot;,&quot;features&quot;:{&quot;serversionCodes&quot;:1},&quot;maintenance&quot;:{&quot;enabled&quot;:false},&quot;support&quot;:{&quot;telegramChannel&quot;:&quot;https://t.me/sigma_Study_official&quot;}}</string>
</map>
