<?xml version='1.0' encoding='utf-8' standalone='yes' ?>
<map>
    <string name="MODEL_STORE_operations">[]</string>
    <string name="MODEL_STORE_session">[{&quot;id&quot;:&quot;-singleton-&quot;,&quot;isValid&quot;:true,&quot;sessionId&quot;:&quot;150e2157-3c2f-4adc-9fb3-7188ac213d5e&quot;,&quot;startTime&quot;:1755173889603,&quot;focusTime&quot;:1755173889603,&quot;activeDuration&quot;:7297}]</string>
    <string name="PREFS_OS_ETAG_PREFIX_CACHE_KEY_REMOTE_PARAMS">W/&quot;e05cc4424ccd26011db4e1fdc7bf72f5&quot;</string>
    <string name="MODEL_STORE_identity">[{&quot;onesignal_id&quot;:&quot;b4e613ed-b85d-4ad9-8124-f3604e0dc196&quot;,&quot;id&quot;:&quot;-singleton-&quot;}]</string>
    <string name="PREFS_OS_HTTP_CACHE_PREFIX_CACHE_KEY_REMOTE_PARAMS">{&quot;awl_list&quot;:{},&quot;android_sender_id&quot;:&quot;485619996152&quot;,&quot;chnl_lst&quot;:[],&quot;outcomes&quot;:{&quot;direct&quot;:{&quot;enabled&quot;:false},&quot;indirect&quot;:{&quot;notification_attribution&quot;:{&quot;minutes_since_displayed&quot;:60,&quot;limit&quot;:10},&quot;enabled&quot;:false},&quot;unattributed&quot;:{&quot;enabled&quot;:false}},&quot;receive_receipts_enable&quot;:false}</string>
    <string name="MODEL_STORE_properties">[{&quot;onesignalId&quot;:&quot;b4e613ed-b85d-4ad9-8124-f3604e0dc196&quot;,&quot;country&quot;:&quot;IN&quot;,&quot;language&quot;:&quot;en&quot;,&quot;tags&quot;:{&quot;65dc6fbabb55350018d555b7&quot;:&quot;favorite&quot;,&quot;682da417643c44ce71bdbcfc&quot;:&quot;favorite&quot;,&quot;678a0324dab28c8848cc026f&quot;:&quot;favorite&quot;},&quot;timezone&quot;:&quot;Asia\/Kolkata&quot;,&quot;id&quot;:&quot;-singleton-&quot;}]</string>
    <string name="MODEL_STORE_config">[{&quot;id&quot;:&quot;-singleton-&quot;,&quot;appId&quot;:&quot;4662bbdf-f0ab-4141-87e0-8cbe73692492&quot;,&quot;backgroundFetchNotificationPermissionInterval&quot;:86400000,&quot;foregroundFetchNotificationPermissionInterval&quot;:1000,&quot;pushSubscriptionId&quot;:&quot;ae0b3f01-d49e-4e74-80ec-931a4e6f8ff4&quot;,&quot;fcmParams&quot;:{},&quot;httpGetTimeout&quot;:60000,&quot;opRepoExecutionInterval&quot;:5000,&quot;apiUrl&quot;:&quot;https:\/\/api.onesignal.com\/&quot;,&quot;influenceParams&quot;:{&quot;indirectNotificationAttributionWindow&quot;:60,&quot;isUnattributedEnabled&quot;:false,&quot;indirectIAMAttributionWindow&quot;:1440,&quot;notificationLimit&quot;:10,&quot;isDirectEnabled&quot;:false,&quot;isIndirectEnabled&quot;:false},&quot;httpTimeout&quot;:120000,&quot;isInitializedWithRemote&quot;:true,&quot;notificationChannels&quot;:&quot;[]&quot;,&quot;googleProjectNumber&quot;:&quot;485619996152&quot;,&quot;receiveReceiptEnabled&quot;:false}]</string>
    <set name="PREFS_OS_UNATTRIBUTED_UNIQUE_OUTCOME_EVENTS_SENT" />
    <string name="MODEL_STORE_subscriptions">[{&quot;id&quot;:&quot;ae0b3f01-d49e-4e74-80ec-931a4e6f8ff4&quot;,&quot;type&quot;:&quot;PUSH&quot;,&quot;optedIn&quot;:true,&quot;address&quot;:&quot;dNKSvaXaTg2wXyv5Bi0ZD6:APA91bFo-5LCYlNBf6qjlWY1HmvzGaC_3owu-U8kqloMgd1uBLc3gbDdzxT_UxeC4LHZloKNL3oV-aXy_iT3sfUQIUdI1XEIeHC3EQRXuTbtjN3_WgTk4Wc&quot;,&quot;status&quot;:&quot;NO_PERMISSION&quot;,&quot;sdk&quot;:&quot;050135&quot;,&quot;deviceOS&quot;:&quot;13&quot;,&quot;carrier&quot;:&quot;Vi India&quot;,&quot;appVersion&quot;:&quot;3&quot;}]</string>
    <string name="PREFS_OS_INSTALL_ID">0645bee7-4506-41a5-bef3-ae6ae54f6f3f</string>
    <boolean name="USER_RESOLVED_PERMISSION_android.permission.POST_NOTIFICATIONS" value="true" />
</map>
