{"Fid":"dNKSvaXaTg2wXyv5Bi0ZD6","Status":3,"AuthToken":"eyJhbGciOiJFUzI1NiIsInR5cCI6IkpXVCJ9.eyJhcHBJZCI6IjE6NzU0Nzk1NjE0MDQyOmFuZHJvaWQ6YzY4MmI4MTQ0YThkZDUyYmMxYWQ2MyIsImV4cCI6MTc1NTQxNzQ4NCwiZmlkIjoiZE5LU3ZhWGFUZzJ3WHl2NUJpMFpENiIsInByb2plY3ROdW1iZXIiOjc1NDc5NTYxNDA0Mn0.AB2LPV8wRgIhAONw5d_cwf4U9qEELPANBWmFM6ow5QkORIMwOrWJF7EGAiEAgqpcuuwYk_st-kCNsR0yQaAi4KcMkPK1FarUTVqFP7w","RefreshToken":"3_AS3qfwJ9W7f14zCqsa99o3zulGsuPlrE4j99H5OD8Qe8WdTrrPSmoTWO_xecn5EWGSwcFgkEh_V1eS3xn0MKA1oqQ8HU6wtushBuKUUWmcNVnuM","TokenCreationEpochInSecs":1754812683,"ExpiresInSecs":604800}