{"Fid":"e1_6PY3NR_eSf4aacUn6YZ","Status":3,"AuthToken":"eyJhbGciOiJFUzI1NiIsInR5cCI6IkpXVCJ9.eyJhcHBJZCI6IjE6NDg1NjE5OTk2MTUyOmFuZHJvaWQ6YjdkM2IxNDZiNGIyMTk1NGIxNzIwZCIsImV4cCI6MTc1NTQxNzQ4MywiZmlkIjoiZTFfNlBZM05SX2VTZjRhYWNVbjZZWiIsInByb2plY3ROdW1iZXIiOjQ4NTYxOTk5NjE1Mn0.AB2LPV8wRAIgPo1v2FMNAhn7a-gxy3lWd7FJ-pzdZeRtYzVw7TmBIUoCIGz5gGWBhtqexEvRtjkICPUImd2Tt14d8SVpXKzyrGps","RefreshToken":"3_AS3qfwLIKUdOWSPJMCBpFuokhS6t00dc17TlzUEfWxQZ9uSXt1dDYg7zzDCmF_mrqucvLr9k3Bc3UsdtTK4cSRYIw7Gh3rHbK-yPhQDq9LR3Iws","TokenCreationEpochInSecs":1754812682,"ExpiresInSecs":604800}